{
  "project_info": {
    "project_number": "986582045344",
    "firebase_url": "https://tourismapp-192118.firebaseio.com",
    "project_id": "tourismapp-192118",
    "storage_bucket": "tourismapp-192118.appspot.com"
  },
  "client": [
    {
      "client_info": {
        "mobilesdk_app_id": "1:986582045344:android:0c6051428f6410ae",
        "android_client_info": {
          "package_name": "diu.tourmaster"
        }
      },
      "oauth_client": [
        {
          "client_id": "986582045344-8vcvm5nqp6jjvp5qp5m896pdmupr4u72.apps.googleusercontent.com",
          "client_type": 3
        }
      ],
      "api_key": [
        {
          "current_key": "AIzaSyCtBhnTpo3sjmdz3n6W0Kf8TiJTsuntuq8"
        }
      ],
      "services": {
        "analytics_service": {
          "status": 1
        },
        "appinvite_service": {
          "status": 1,
          "other_platform_oauth_client": []
        },
        "ads_service": {
          "status": 2
        }
      }
    }
  ],
  "configuration_version": "1"
}